{
	"partitions" : [
		{
			"name" : "Top",
			"pins" : [
				{
					"name" : "HEX0[6]",
					"strict" : false
				},
				{
					"name" : "HEX1[0]",
					"strict" : false
				},
				{
					"name" : "HEX1[1]",
					"strict" : false
				},
				{
					"name" : "HEX1[2]",
					"strict" : false
				},
				{
					"name" : "HEX1[3]",
					"strict" : false
				},
				{
					"name" : "HEX1[4]",
					"strict" : false
				},
				{
					"name" : "HEX1[5]",
					"strict" : false
				},
				{
					"name" : "HEX1[6]",
					"strict" : false
				},
				{
					"name" : "HEX2[0]",
					"strict" : false
				},
				{
					"name" : "HEX2[1]",
					"strict" : false
				},
				{
					"name" : "HEX2[2]",
					"strict" : false
				},
				{
					"name" : "HEX2[3]",
					"strict" : false
				},
				{
					"name" : "HEX2[4]",
					"strict" : false
				},
				{
					"name" : "HEX2[5]",
					"strict" : false
				},
				{
					"name" : "HEX2[6]",
					"strict" : false
				},
				{
					"name" : "HEX3[0]",
					"strict" : false
				},
				{
					"name" : "HEX3[2]",
					"strict" : false
				},
				{
					"name" : "HEX3[3]",
					"strict" : false
				},
				{
					"name" : "HEX3[4]",
					"strict" : false
				},
				{
					"name" : "HEX3[5]",
					"strict" : false
				},
				{
					"name" : "HEX3[6]",
					"strict" : false
				},
				{
					"name" : "HEX4[0]",
					"strict" : false
				},
				{
					"name" : "HEX4[1]",
					"strict" : false
				},
				{
					"name" : "HEX4[2]",
					"strict" : false
				},
				{
					"name" : "HEX4[3]",
					"strict" : false
				},
				{
					"name" : "HEX4[4]",
					"strict" : false
				},
				{
					"name" : "HEX4[5]",
					"strict" : false
				},
				{
					"name" : "HEX4[6]",
					"strict" : false
				},
				{
					"name" : "HEX5[0]",
					"strict" : false
				},
				{
					"name" : "HEX5[1]",
					"strict" : false
				},
				{
					"name" : "HEX5[2]",
					"strict" : false
				},
				{
					"name" : "HEX5[3]",
					"strict" : false
				},
				{
					"name" : "HEX5[4]",
					"strict" : false
				},
				{
					"name" : "HEX5[5]",
					"strict" : false
				},
				{
					"name" : "HEX5[6]",
					"strict" : false
				},
				{
					"name" : "LEDR[0]",
					"strict" : false
				},
				{
					"name" : "LEDR[1]",
					"strict" : false
				},
				{
					"name" : "LEDR[2]",
					"strict" : false
				},
				{
					"name" : "LEDR[3]",
					"strict" : false
				},
				{
					"name" : "LEDR[4]",
					"strict" : false
				},
				{
					"name" : "LEDR[5]",
					"strict" : false
				},
				{
					"name" : "LEDR[6]",
					"strict" : false
				},
				{
					"name" : "LEDR[7]",
					"strict" : false
				},
				{
					"name" : "LEDR[8]",
					"strict" : false
				},
				{
					"name" : "LEDR[9]",
					"strict" : false
				},
				{
					"name" : "VGA_BLANK_N",
					"strict" : false
				},
				{
					"name" : "VGA_B[6]",
					"strict" : false
				},
				{
					"name" : "VGA_B[7]",
					"strict" : false
				},
				{
					"name" : "VGA_CLK",
					"strict" : false
				},
				{
					"name" : "VGA_G[5]",
					"strict" : false
				},
				{
					"name" : "VGA_G[6]",
					"strict" : false
				},
				{
					"name" : "VGA_G[7]",
					"strict" : false
				},
				{
					"name" : "VGA_HS",
					"strict" : false
				},
				{
					"name" : "VGA_R[5]",
					"strict" : false
				},
				{
					"name" : "VGA_R[6]",
					"strict" : false
				},
				{
					"name" : "VGA_R[7]",
					"strict" : false
				},
				{
					"name" : "VGA_VS",
					"strict" : false
				},
				{
					"name" : "GPIO_0[1]",
					"strict" : false
				},
				{
					"name" : "GPIO_0[3]",
					"strict" : false
				},
				{
					"name" : "GPIO_0[5]",
					"strict" : false
				},
				{
					"name" : "SW[0]",
					"strict" : false
				},
				{
					"name" : "CLOCK_50",
					"strict" : false
				},
				{
					"name" : "KEY[3]",
					"strict" : false
				},
				{
					"name" : "KEY[1]",
					"strict" : false
				},
				{
					"name" : "KEY[0]",
					"strict" : false
				},
				{
					"name" : "KEY[2]",
					"strict" : false
				},
				{
					"name" : "SW[1]",
					"strict" : false
				}
			]
		}
	]
}